angle1,angle2,angle3,angle4,angle5,angle6,letra
6,2,2,7,166,161,A
7,2,1,7,166,161,A
8,1,1,7,167,161,A
8,1,1,7,167,161,A
8,1,1,7,166,161,A
8,1,2,8,166,161,A
7,1,2,8,166,161,A
8,2,2,7,167,161,A
7,2,1,7,167,162,A
6,2,2,7,164,161,A
6,1,1,6,166,162,A
5,2,1,6,165,161,A
5,2,2,7,165,161,A
6,2,2,7,165,161,A
6,2,1,7,166,160,A
7,1,0,6,166,160,A
6,2,1,7,166,160,A
6,1,1,6,166,160,A
7,1,1,6,165,159,A
6,1,1,7,165,159,A
6,1,1,6,164,160,A
6,1,2,6,164,161,A
8,1,1,6,165,161,A
8,1,1,6,165,161,A
7,1,1,6,165,161,A
7,1,1,5,164,161,A
7,1,1,5,164,161,A
7,2,1,5,165,162,A
8,1,1,5,165,162,A
9,1,0,6,165,161,A
8,1,0,6,164,161,A
8,1,0,6,164,162,A
9,1,0,6,166,162,A
8,1,0,6,164,160,A
8,1,0,5,164,160,A
8,1,0,5,165,160,A
7,1,0,6,164,160,A
8,0,1,5,165,161,A
8,0,1,5,165,161,A
9,1,0,5,165,161,A
8,1,0,6,166,161,A
8,1,0,4,166,160,A
8,1,1,4,166,160,A
8,1,0,5,166,161,A
8,1,1,4,165,161,A
9,1,0,5,165,161,A
9,1,0,6,165,161,A
9,0,0,5,165,162,A
9,0,0,6,166,161,A
9,1,1,5,166,161,A
8,1,0,5,165,162,A
7,2,0,6,165,160,A
7,1,1,6,165,160,A
7,2,0,5,166,161,A
7,1,0,5,165,160,A
8,1,0,5,166,160,A
7,1,0,5,166,162,A
9,1,0,5,165,161,A
9,1,1,4,167,159,A
9,1,0,5,168,160,A
9,1,1,5,166,160,A
9,1,1,5,167,161,A
9,0,0,4,166,161,A
10,0,1,4,165,161,A
9,1,0,4,165,161,A
10,1,0,5,167,160,A
9,1,0,5,164,162,A
10,1,1,5,167,162,A
9,1,0,5,167,161,A
9,1,0,5,166,161,A
8,1,0,5,167,161,A
9,0,1,3,166,161,A
9,0,1,2,166,162,A
10,0,1,4,164,160,A
9,0,1,3,164,161,A
9,0,1,3,165,161,A
8,0,1,3,164,161,A
9,1,1,2,166,160,A
10,1,1,2,165,160,A
9,0,1,3,166,159,A
9,0,0,3,164,159,A
9,0,1,3,165,161,A
9,0,1,3,165,160,A
8,0,0,4,165,161,A
8,1,0,4,165,161,A
8,0,1,5,164,159,A
7,1,1,5,163,160,A
10,1,1,4,164,160,A
11,1,1,4,164,160,A
11,1,1,3,164,160,A
10,1,1,3,166,159,A
9,0,1,3,165,160,A
9,0,1,4,165,161,A
9,0,0,5,165,161,A
8,1,0,5,167,161,A
8,0,0,5,166,161,A
9,0,1,4,165,161,A
9,0,0,5,166,160,A
8,1,1,5,166,160,A
9,0,1,5,167,160,A
171,174,178,171,116,96,B
172,174,178,170,116,97,B
172,175,178,170,116,97,B
172,174,179,171,116,96,B
172,175,178,171,117,95,B
172,174,178,171,116,94,B
172,175,178,170,114,93,B
172,175,177,171,115,94,B
170,175,178,171,114,95,B
171,174,178,171,115,94,B
172,174,179,172,114,95,B
170,174,178,171,111,93,B
172,174,179,171,114,92,B
171,173,178,171,117,95,B
172,175,178,170,117,96,B
173,175,178,171,117,96,B
174,175,178,171,116,97,B
173,175,178,169,117,96,B
173,175,178,169,117,96,B
175,175,177,169,116,97,B
174,175,178,171,116,97,B
175,176,178,170,116,95,B
174,175,178,171,116,95,B
172,175,178,170,115,94,B
173,175,178,169,114,93,B
172,175,179,170,117,95,B
172,174,179,171,115,95,B
172,175,178,170,113,95,B
172,175,178,170,113,94,B
173,175,178,170,111,94,B
171,173,178,169,111,93,B
171,174,179,169,113,94,B
172,174,179,171,114,94,B
173,174,178,170,112,94,B
173,174,178,171,111,93,B
173,174,179,170,113,94,B
173,175,179,170,113,94,B
173,175,177,170,112,94,B
171,175,178,170,113,93,B
172,174,178,171,112,93,B
172,175,178,171,113,93,B
173,175,178,170,117,95,B
173,175,178,170,115,96,B
172,174,178,169,115,94,B
173,174,179,169,115,94,B
173,175,178,171,116,95,B
173,175,179,171,117,95,B
172,174,179,171,116,95,B
171,175,179,171,114,94,B
172,174,179,170,114,94,B
171,174,179,171,113,94,B
173,174,179,170,114,95,B
173,174,178,170,114,95,B
172,174,179,171,114,95,B
170,176,179,172,115,95,B
172,174,179,172,115,96,B
172,175,179,172,115,96,B
172,175,178,170,110,95,B
172,175,179,170,112,94,B
172,175,179,169,111,94,B
171,175,178,169,110,93,B
172,175,178,170,113,96,B
173,176,178,170,113,96,B
172,175,177,170,112,94,B
172,175,177,170,112,94,B
172,175,179,170,111,93,B
173,175,178,170,113,94,B
173,176,178,170,114,94,B
173,176,177,170,113,95,B
173,175,178,171,113,95,B
171,175,178,170,113,95,B
173,175,178,170,115,96,B
174,176,178,170,118,96,B
172,175,177,171,113,95,B
173,176,177,170,117,96,B
173,176,178,171,119,97,B
173,176,177,170,117,96,B
173,175,178,171,117,95,B
173,176,178,170,116,95,B
173,176,178,170,114,96,B
173,175,178,171,115,96,B
172,174,178,170,115,96,B
172,175,178,171,116,95,B
172,176,178,171,116,95,B
172,176,179,169,117,94,B
172,176,178,171,116,96,B
173,176,178,171,116,96,B
173,176,178,170,119,96,B
172,176,178,170,119,96,B
173,176,179,170,114,95,B
172,175,178,169,112,96,B
173,174,179,170,115,93,B
174,175,179,170,114,93,B
173,174,179,172,115,95,B
172,174,179,171,115,95,B
172,174,178,171,116,95,B
174,176,179,170,117,96,B
174,175,179,171,114,95,B
174,174,179,170,115,95,B
173,173,179,171,117,96,B
40,17,10,178,138,98,D
40,17,11,179,138,99,D
40,17,11,179,138,99,D
40,18,12,178,134,99,D
41,19,13,179,135,99,D
38,17,11,178,133,98,D
39,17,11,179,136,98,D
38,16,11,178,135,98,D
38,17,10,178,136,99,D
41,18,11,178,137,100,D
40,18,11,177,137,100,D
43,19,11,178,138,99,D
42,18,12,178,138,98,D
41,18,11,177,139,99,D
42,18,10,177,140,98,D
40,18,11,178,136,97,D
42,18,12,179,135,98,D
40,18,11,179,136,99,D
40,19,11,178,134,99,D
43,19,10,178,141,98,D
42,19,11,178,138,98,D
40,18,10,177,139,98,D
39,18,11,177,139,98,D
41,18,10,176,141,98,D
39,18,11,178,139,99,D
40,19,11,177,141,100,D
40,18,12,177,142,100,D
41,19,12,178,145,98,D
40,19,12,177,142,99,D
42,19,11,177,143,98,D
41,19,11,177,142,97,D
38,17,11,179,140,99,D
39,17,12,178,142,98,D
40,18,12,179,143,97,D
40,19,12,179,145,98,D
39,18,12,180,143,97,D
39,18,11,178,147,96,D
41,18,11,179,143,97,D
40,18,10,179,143,95,D
40,18,11,178,141,99,D
41,18,11,178,139,98,D
42,19,11,179,139,99,D
43,19,12,179,139,99,D
41,18,12,179,142,101,D
42,19,12,178,141,101,D
42,19,12,177,141,101,D
41,19,12,178,137,101,D
42,20,13,179,136,102,D
43,20,14,178,137,101,D
42,19,13,179,138,98,D
42,19,12,178,139,99,D
41,18,12,179,139,97,D
41,19,12,179,140,97,D
42,19,12,179,140,99,D
41,19,12,179,139,98,D
43,19,12,178,139,99,D
42,19,12,179,140,98,D
40,19,13,179,139,97,D
40,19,14,179,137,97,D
42,19,13,179,139,97,D
43,20,13,178,140,97,D
42,21,13,178,138,100,D
42,20,13,179,138,100,D
44,21,13,177,139,99,D
44,21,13,177,139,98,D
43,21,13,178,138,98,D
42,20,12,178,137,98,D
44,21,13,179,137,97,D
43,20,13,179,134,98,D
45,21,13,178,134,101,D
45,21,13,179,135,100,D
45,20,12,179,140,99,D
43,19,12,177,143,99,D
42,19,11,179,143,97,D
43,18,11,178,143,97,D
41,18,10,179,140,98,D
40,18,10,179,141,98,D
40,18,11,179,140,98,D
41,19,11,179,138,98,D
39,18,12,178,139,99,D
40,18,11,179,140,100,D
39,17,11,178,140,98,D
40,18,11,178,143,98,D
40,18,13,177,141,99,D
41,19,12,177,141,101,D
41,18,13,177,138,99,D
39,18,13,178,137,99,D
39,17,12,179,137,98,D
40,18,12,178,137,98,D
41,19,13,178,137,98,D
41,19,13,177,135,97,D
42,19,11,177,138,97,D
40,19,13,178,140,97,D
40,17,10,177,138,98,D
40,18,11,178,137,99,D
39,17,10,177,140,98,D
39,16,9,176,139,98,D
41,18,10,178,139,97,D
41,18,11,178,139,97,D
41,19,11,177,139,98,D
74,34,25,75,100,110,E
74,34,27,79,98,110,E
72,32,24,93,101,109,E
68,32,24,88,101,109,E
63,29,23,84,102,110,E
62,27,22,82,102,110,E
70,31,24,82,103,110,E
71,32,25,82,100,108,E
79,35,26,90,100,108,E
78,36,26,85,102,110,E
78,35,27,85,103,110,E
78,37,27,85,103,110,E
76,33,23,111,101,109,E
77,33,24,104,101,109,E
80,34,24,90,102,110,E
80,35,25,90,105,110,E
72,32,24,99,107,111,E
71,32,23,99,108,111,E
72,31,25,92,106,111,E
73,30,24,93,100,107,E
73,30,22,94,102,110,E
69,27,21,90,102,109,E
72,28,22,90,105,110,E
70,30,22,93,105,110,E
63,26,21,97,108,110,E
64,29,24,96,104,110,E
74,31,23,105,103,112,E
79,33,24,105,104,111,E
75,31,25,87,101,110,E
75,32,25,90,102,109,E
77,31,24,91,102,110,E
80,33,23,91,102,110,E
78,32,24,88,101,109,E
80,32,26,112,103,109,E
81,33,24,103,101,109,E
79,34,25,102,101,110,E
79,36,25,91,99,110,E
80,35,25,85,99,109,E
71,33,26,80,100,108,E
72,33,28,80,102,109,E
78,31,24,84,99,110,E
78,31,23,82,99,109,E
85,33,23,91,100,108,E
87,36,25,94,101,109,E
89,36,25,91,100,109,E
84,35,24,94,100,108,E
83,36,26,90,105,107,E
85,36,26,87,101,109,E
77,33,25,76,100,108,E
72,30,23,79,102,110,E
77,29,23,93,103,108,E
78,31,24,96,101,109,E
82,34,24,93,100,110,E
80,33,24,90,100,110,E
76,33,23,84,99,109,E
84,35,25,93,100,106,E
85,35,27,96,100,108,E
87,38,26,93,102,111,E
87,37,26,93,102,112,E
84,35,25,97,100,107,E
84,36,24,88,100,110,E
85,38,26,85,100,108,E
78,36,26,90,100,109,E
84,33,22,93,99,108,E
78,33,24,84,99,107,E
78,34,25,81,99,109,E
79,35,26,82,100,108,E
74,33,25,74,97,110,E
72,31,24,74,100,109,E
63,28,24,87,102,109,E
63,29,23,85,102,108,E
62,28,22,93,101,108,E
69,27,22,96,102,110,E
73,30,23,87,102,110,E
82,32,23,96,103,109,E
78,35,25,91,102,110,E
78,32,23,91,102,110,E
70,29,23,91,103,108,E
72,30,23,88,102,109,E
72,34,25,91,101,110,E
68,34,25,91,103,110,E
75,33,24,88,99,109,E
73,33,24,91,100,109,E
75,31,23,80,98,107,E
70,32,24,79,99,108,E
70,31,24,84,102,108,E
72,29,20,100,100,108,E
73,31,23,93,100,107,E
74,30,22,104,101,108,E
73,31,25,94,99,107,E
71,31,24,94,99,107,E
70,31,24,91,100,108,E
70,32,24,91,104,110,E
71,30,23,104,104,110,E
67,30,23,106,105,110,E
74,33,24,94,102,109,E
82,32,23,88,100,108,E
75,30,22,85,103,108,E
78,31,22,88,102,109,E
78,32,23,103,104,109,E
175,175,179,23,172,132,F
175,176,180,22,173,133,F
175,176,180,23,172,133,F
175,175,179,21,173,131,F
177,176,180,24,173,131,F
175,176,179,24,173,131,F
175,175,179,21,173,131,F
175,175,180,23,173,132,F
175,175,180,25,173,132,F
176,176,179,22,172,132,F
175,175,180,22,174,132,F
175,175,180,19,172,131,F
176,174,179,24,171,131,F
175,175,179,21,172,132,F
177,175,180,21,172,131,F
175,175,179,23,173,132,F
176,175,179,23,173,132,F
175,176,180,22,174,131,F
175,175,180,22,173,131,F
175,177,178,22,175,131,F
177,176,178,22,172,131,F
175,175,179,24,171,131,F
175,175,180,23,173,132,F
177,176,179,25,172,131,F
175,176,179,22,173,131,F
175,175,180,21,171,130,F
174,175,179,20,171,130,F
175,176,178,23,173,132,F
175,175,180,23,172,131,F
175,175,179,21,173,132,F
175,175,180,22,171,131,F
176,176,180,23,173,131,F
175,175,180,22,173,130,F
175,176,178,20,172,131,F
176,176,179,21,172,132,F
176,176,179,20,171,131,F
176,176,179,19,169,130,F
175,175,179,18,169,130,F
175,176,179,20,171,129,F
175,176,179,27,174,133,F
175,175,179,22,173,132,F
176,175,180,29,173,133,F
174,174,180,27,174,132,F
174,175,179,24,173,131,F
175,175,179,28,174,132,F
176,176,180,28,174,132,F
175,175,180,28,172,133,F
176,176,179,26,173,132,F
175,176,179,23,172,131,F
175,176,179,26,172,132,F
174,176,179,26,173,131,F
175,176,179,23,172,131,F
175,176,178,22,170,132,F
176,176,179,24,171,131,F
176,176,178,24,171,131,F
175,177,179,21,172,130,F
176,176,179,24,171,131,F
176,177,179,21,172,131,F
174,176,179,24,172,131,F
174,176,178,23,172,131,F
175,176,179,26,171,131,F
176,176,180,23,171,131,F
175,176,180,22,171,131,F
175,176,179,21,172,131,F
175,176,179,22,172,131,F
175,175,179,21,173,132,F
175,175,180,22,174,133,F
175,176,179,22,173,133,F
175,176,180,24,173,132,F
175,175,180,22,172,132,F
175,176,179,22,172,132,F
175,176,179,20,172,132,F
176,176,179,21,171,132,F
176,177,177,17,170,130,F
176,177,176,16,172,129,F
175,176,179,20,171,130,F
175,176,179,20,171,130,F
175,176,177,22,170,131,F
176,176,178,22,169,131,F
176,176,179,24,170,131,F
176,175,180,23,170,131,F
175,175,178,23,170,131,F
174,176,178,22,170,131,F
175,176,178,23,172,131,F
175,176,178,21,170,130,F
176,175,178,21,171,129,F
176,176,178,21,172,130,F
176,177,178,21,172,130,F
175,177,178,21,172,130,F
175,177,177,17,170,129,F
175,176,177,17,171,129,F
176,176,176,17,170,129,F
175,177,176,20,171,129,F
175,176,179,22,169,129,F
176,176,178,20,170,128,F
175,176,177,18,169,128,F
174,176,177,21,169,128,F
175,176,179,20,172,130,F
175,176,177,18,171,131,F
174,176,179,23,171,130,F
178,17,4,3,126,106,I
177,16,3,3,126,106,I
177,16,2,4,125,105,I
177,17,3,4,126,106,I
177,16,2,3,127,106,I
176,16,2,3,127,106,I
176,16,3,3,129,108,I
175,13,2,4,128,107,I
174,15,3,3,129,107,I
175,15,3,3,127,107,I
174,18,4,3,127,106,I
176,19,4,1,127,105,I
175,15,1,3,126,106,I
174,15,3,2,128,106,I
175,16,2,3,129,108,I
175,16,3,3,128,107,I
177,16,3,2,127,106,I
177,17,2,4,126,106,I
176,16,1,4,127,106,I
176,16,2,4,125,107,I
176,15,2,4,125,107,I
176,16,1,4,125,107,I
176,14,1,5,127,107,I
177,13,1,5,126,105,I
176,15,1,5,126,106,I
176,14,1,5,125,106,I
177,15,1,5,127,108,I
176,15,1,5,127,107,I
177,15,2,5,127,107,I
177,15,1,5,128,108,I
176,14,2,4,126,106,I
177,14,1,4,126,106,I
175,16,2,4,127,106,I
174,15,2,4,127,106,I
174,15,2,2,126,105,I
174,15,3,2,127,106,I
175,15,1,3,128,106,I
175,15,2,2,126,106,I
174,16,2,3,127,106,I
175,15,2,3,128,106,I
175,14,2,3,128,107,I
175,14,2,4,128,106,I
175,14,3,3,127,107,I
175,15,2,4,128,106,I
174,14,2,4,127,106,I
174,14,2,3,129,106,I
175,15,1,3,127,106,I
175,15,1,4,128,107,I
176,14,1,4,127,107,I
174,14,2,3,126,107,I
175,15,2,3,128,108,I
176,14,1,3,129,108,I
175,14,1,4,129,108,I
174,14,1,4,129,108,I
175,15,1,4,128,107,I
175,15,1,4,128,107,I
175,15,2,3,126,107,I
175,14,2,3,127,106,I
176,14,1,3,124,106,I
176,14,1,4,124,106,I
175,14,1,3,127,107,I
175,14,1,3,126,106,I
176,14,2,3,126,106,I
176,14,2,3,125,106,I
176,14,3,3,126,108,I
175,14,3,3,126,108,I
174,15,3,3,128,109,I
174,16,3,2,129,108,I
175,16,3,3,129,108,I
174,17,4,3,129,109,I
176,18,3,2,127,108,I
175,16,3,2,128,107,I
175,14,2,4,128,107,I
176,16,2,4,129,108,I
175,14,3,3,127,107,I
174,15,2,3,126,107,I
173,12,2,3,126,108,I
175,12,2,3,126,107,I
175,14,2,4,127,107,I
175,13,2,4,125,106,I
173,14,1,4,127,105,I
173,14,1,4,127,105,I
174,16,2,4,130,106,I
174,16,2,3,130,106,I
175,16,2,4,129,106,I
173,16,1,4,129,106,I
174,16,1,5,131,106,I
173,16,1,4,129,106,I
174,16,1,4,129,107,I
174,16,1,4,129,107,I
174,16,1,4,131,107,I
174,16,2,3,131,107,I
175,15,1,4,129,107,I
175,15,1,4,129,106,I
174,18,2,4,128,107,I
174,17,3,3,128,106,I
176,13,3,4,127,106,I
177,13,1,4,126,106,I
175,15,1,4,127,106,I
174,16,1,3,129,106,I
79,54,165,167,163,134,K
78,56,167,167,166,135,K
77,56,166,167,166,135,K
77,55,165,166,166,135,K
79,57,166,166,166,135,K
78,56,166,165,166,135,K
77,55,165,164,169,139,K
77,56,164,163,170,137,K
77,55,165,164,168,138,K
80,56,166,166,170,138,K
79,57,166,165,169,137,K
78,57,166,165,166,135,K
78,57,166,165,166,135,K
78,56,165,166,169,136,K
78,56,165,164,168,136,K
79,56,164,166,166,136,K
78,56,165,167,165,135,K
79,55,165,167,168,137,K
77,55,166,166,169,136,K
77,55,166,167,167,136,K
76,55,166,167,168,136,K
75,55,166,166,169,138,K
75,56,165,166,169,138,K
77,57,166,166,164,135,K
76,56,167,166,165,135,K
78,57,167,166,170,138,K
79,57,167,165,171,140,K
79,58,166,165,166,137,K
79,58,166,166,166,135,K
77,57,166,166,168,135,K
77,57,167,167,165,134,K
81,58,166,166,167,135,K
81,58,165,166,166,135,K
79,58,166,165,169,136,K
81,58,166,166,167,137,K
79,58,166,165,170,138,K
80,58,166,166,167,137,K
79,57,166,164,169,137,K
79,57,166,164,168,136,K
80,57,166,166,169,136,K
78,57,165,166,167,137,K
77,56,165,164,166,133,K
76,56,165,165,165,134,K
74,55,166,165,168,136,K
75,55,166,166,170,139,K
77,55,165,166,167,135,K
78,56,166,166,168,136,K
77,55,166,165,167,137,K
77,55,165,165,165,136,K
78,56,165,165,166,135,K
77,55,165,165,166,135,K
78,56,166,167,165,134,K
79,56,166,165,166,134,K
78,55,165,166,168,138,K
78,55,165,166,167,136,K
77,56,165,166,167,136,K
78,56,165,166,168,136,K
77,55,165,165,169,136,K
77,56,165,166,169,136,K
76,55,165,165,166,136,K
74,55,165,166,165,135,K
75,56,165,165,166,136,K
75,56,165,164,166,135,K
77,56,164,165,166,134,K
77,55,164,165,169,137,K
78,56,166,164,166,136,K
77,56,165,164,167,136,K
75,55,165,166,169,137,K
77,56,165,165,168,136,K
75,55,164,165,168,138,K
75,56,165,165,168,138,K
77,56,166,165,170,138,K
75,56,166,165,167,137,K
75,56,166,165,167,138,K
74,54,166,166,170,140,K
73,54,165,166,167,138,K
73,55,165,164,163,135,K
76,57,165,164,164,134,K
76,56,165,165,166,137,K
77,56,166,165,165,136,K
77,55,166,165,166,136,K
75,54,165,166,163,133,K
75,54,166,167,164,134,K
78,56,166,165,167,137,K
77,56,165,166,165,135,K
77,56,165,166,166,137,K
79,56,166,166,166,136,K
77,55,165,166,168,137,K
77,54,165,166,166,136,K
79,57,165,167,165,135,K
77,55,166,167,163,134,K
76,54,164,165,165,135,K
76,54,165,165,166,135,K
73,53,164,165,167,136,K
74,53,165,165,165,135,K
76,55,165,164,167,135,K
76,55,165,164,166,134,K
77,56,166,165,165,134,K
76,55,165,166,166,135,K
78,55,164,165,166,135,K
27,0,6,173,163,179,L
26,2,9,172,162,179,L
25,0,7,172,164,178,L
27,1,5,173,164,177,L
27,1,6,173,165,177,L
27,2,7,173,166,177,L
29,1,5,173,164,177,L
28,1,7,173,163,178,L
35,2,8,172,164,176,L
37,2,9,172,163,177,L
26,2,8,173,163,178,L
26,0,5,173,162,177,L
27,1,7,173,164,177,L
25,3,9,173,163,177,L
37,1,6,173,163,178,L
48,0,6,172,164,178,L
20,0,8,172,164,178,L
24,0,5,173,164,178,L
25,1,5,173,165,178,L
26,1,4,174,164,178,L
21,1,6,174,164,177,L
24,1,5,174,163,178,L
26,1,0,174,162,177,L
23,1,2,173,164,176,L
25,1,4,174,164,176,L
23,1,5,174,162,177,L
26,1,5,174,163,177,L
25,2,6,174,163,177,L
25,1,4,175,162,177,L
26,0,4,173,163,178,L
21,2,2,174,164,177,L
21,2,2,174,164,177,L
23,0,5,174,164,178,L
26,2,2,174,162,177,L
24,1,4,172,163,177,L
24,0,3,174,164,177,L
23,0,5,174,162,177,L
25,0,4,174,163,177,L
27,1,3,174,164,177,L
27,1,4,173,163,177,L
23,1,3,174,162,178,L
21,0,5,174,162,177,L
20,1,4,174,164,177,L
20,1,4,174,162,176,L
20,1,7,174,163,177,L
22,1,6,173,163,177,L
22,2,6,173,165,176,L
22,2,6,173,165,176,L
24,1,4,173,163,177,L
24,1,4,173,163,177,L
26,0,4,173,161,176,L
24,0,6,174,162,177,L
24,0,6,173,162,178,L
25,0,5,174,161,177,L
24,1,4,174,162,177,L
22,2,7,172,162,177,L
31,1,6,172,161,177,L
34,1,7,172,161,177,L
31,1,6,172,160,177,L
30,1,7,172,159,178,L
30,2,7,172,161,178,L
28,0,4,172,161,177,L
28,1,4,172,161,178,L
28,1,5,172,160,177,L
24,1,4,173,160,179,L
26,2,3,173,159,178,L
30,2,5,171,161,178,L
28,2,5,173,161,179,L
31,2,5,173,160,177,L
28,2,6,172,162,177,L
28,3,5,172,162,179,L
26,2,4,173,162,178,L
28,2,4,173,162,178,L
32,2,5,173,160,179,L
29,1,6,171,161,179,L
30,2,5,173,161,179,L
30,1,6,172,162,178,L
26,1,6,173,161,178,L
27,2,5,173,160,178,L
27,2,5,173,162,178,L
25,0,6,172,162,179,L
23,0,5,173,162,178,L
29,0,6,172,162,178,L
26,1,7,172,162,179,L
25,1,7,172,162,178,L
27,0,7,172,159,179,L
25,0,7,172,161,179,L
24,0,7,171,161,179,L
26,0,7,172,162,178,L
24,1,7,173,161,178,L
29,2,4,172,161,178,L
31,2,4,172,158,179,L
27,1,5,172,159,178,L
25,1,5,172,161,178,L
26,1,4,173,161,178,L
27,0,6,173,159,178,L
26,1,5,173,160,179,L
26,1,6,173,158,179,L
27,2,5,172,159,179,L
26,2,5,173,157,180,L
43,15,179,179,171,112,N
46,20,178,179,169,110,N
41,19,178,179,170,110,N
52,22,179,178,167,109,N
53,22,179,178,170,109,N
42,16,179,178,168,108,N
48,17,179,178,169,110,N
40,11,179,178,171,111,N
60,16,178,0,173,113,N
53,15,179,180,170,112,N
42,11,179,180,172,114,N
47,20,179,180,170,111,N
48,21,180,179,171,112,N
57,21,179,179,173,111,N
51,20,179,179,171,113,N
41,14,178,179,174,115,N
41,15,177,179,170,112,N
39,5,178,179,172,118,N
49,6,178,179,170,114,N
53,17,178,179,175,115,N
54,18,177,179,170,114,N
60,18,178,180,171,114,N
66,11,178,179,174,117,N
58,11,180,179,170,114,N
62,12,178,179,169,114,N
72,13,179,180,172,114,N
73,16,180,179,171,116,N
60,16,180,178,170,114,N
61,16,180,179,173,115,N
62,11,180,179,172,115,N
59,10,179,178,172,115,N
75,7,180,179,174,119,N
60,6,179,179,173,115,N
76,14,180,178,175,115,N
60,10,180,178,174,114,N
54,10,179,177,172,111,N
59,13,180,179,176,112,N
53,2,180,178,172,110,N
55,3,180,178,171,111,N
42,18,180,180,171,112,N
53,15,179,0,170,114,N
60,11,180,179,170,117,N
59,11,180,178,168,116,N
58,7,180,179,172,114,N
47,8,180,179,172,114,N
54,1,179,178,174,118,N
48,5,180,179,176,114,N
41,5,179,179,174,114,N
39,4,179,179,178,114,N
54,9,178,177,173,110,N
63,14,179,179,171,110,N
60,15,180,179,171,111,N
66,15,179,178,170,115,N
72,16,180,179,171,116,N
71,14,180,179,172,114,N
76,18,180,180,170,110,N
71,16,180,179,171,112,N
76,15,178,180,171,114,N
75,15,178,179,172,113,N
69,14,179,179,171,116,N
65,13,180,180,172,114,N
68,17,179,180,172,114,N
64,15,179,179,173,112,N
73,15,180,180,173,111,N
71,16,179,179,174,111,N
67,16,180,180,171,111,N
68,16,180,180,170,114,N
62,18,179,180,174,116,N
59,15,178,179,174,116,N
63,18,178,180,171,115,N
65,20,179,180,171,114,N
59,18,179,180,172,115,N
60,18,179,180,172,116,N
58,19,179,180,170,113,N
51,17,178,179,169,113,N
71,13,179,179,170,114,N
68,17,179,179,171,112,N
42,8,179,179,171,112,N
44,11,177,179,172,115,N
45,12,178,178,174,114,N
45,10,178,178,174,113,N
58,14,178,179,172,114,N
56,14,178,179,173,114,N
55,14,178,179,173,115,N
42,9,178,179,169,112,N
45,10,177,179,171,110,N
58,12,178,179,171,111,N
57,15,178,180,171,112,N
54,14,178,180,171,112,N
54,10,178,179,174,112,N
54,15,179,179,174,112,N
62,16,179,179,173,112,N
62,14,179,180,172,112,N
49,12,179,180,172,113,N
53,12,179,179,172,113,N
52,14,179,179,172,112,N
58,18,178,179,171,112,N
52,18,179,180,171,115,N
51,17,180,180,171,114,N
56,17,178,180,172,113,N
109,83,79,87,150,163,O
109,82,80,88,152,165,O
108,82,79,90,147,162,O
110,83,80,88,149,163,O
110,82,80,86,155,165,O
109,82,79,85,155,165,O
109,81,78,86,151,165,O
106,79,78,85,155,165,O
107,80,78,87,152,164,O
108,82,80,90,154,164,O
108,82,80,88,156,165,O
109,82,79,89,157,167,O
109,81,80,88,157,167,O
108,82,79,88,153,164,O
108,80,79,89,151,165,O
109,80,78,86,152,165,O
107,79,77,86,152,165,O
106,80,77,89,156,167,O
106,80,78,89,155,167,O
106,81,77,88,158,168,O
109,80,79,92,161,169,O
108,80,78,89,161,168,O
109,80,78,91,161,168,O
109,80,79,92,162,169,O
110,80,80,90,162,167,O
110,82,79,89,152,163,O
109,82,79,90,150,163,O
108,80,78,88,158,167,O
107,80,78,87,156,166,O
104,78,77,87,153,167,O
104,78,77,87,152,165,O
106,79,77,88,153,166,O
108,80,78,91,156,167,O
108,81,78,88,153,165,O
108,81,78,87,156,167,O
106,81,80,88,150,165,O
108,81,79,92,150,165,O
105,83,81,88,152,166,O
105,83,79,88,154,166,O
107,80,79,87,159,167,O
106,79,78,89,159,168,O
109,80,78,89,153,165,O
109,80,79,89,156,166,O
108,80,77,88,154,166,O
108,81,79,90,149,163,O
107,80,78,88,155,165,O
107,81,80,92,156,167,O
108,79,77,86,152,164,O
108,80,78,90,154,166,O
109,80,77,89,153,165,O
109,80,78,90,157,168,O
105,79,78,90,156,167,O
106,78,78,90,157,167,O
107,79,78,92,160,168,O
106,80,80,92,159,169,O
106,79,80,94,159,168,O
106,80,79,92,159,167,O
106,79,79,89,157,167,O
104,78,78,88,159,168,O
104,79,80,93,158,167,O
105,79,79,92,159,168,O
106,80,79,91,160,168,O
107,80,80,92,160,167,O
109,81,80,90,155,166,O
108,80,79,88,155,165,O
108,81,80,90,155,165,O
109,81,80,90,159,166,O
109,82,80,90,158,165,O
109,80,80,90,154,165,O
108,81,79,87,157,167,O
107,81,79,89,159,168,O
106,81,80,90,155,167,O
107,81,80,90,157,167,O
110,82,80,89,158,167,O
109,83,82,90,160,169,O
109,84,81,92,165,170,O
108,82,80,89,162,170,O
109,80,80,90,160,169,O
107,82,81,92,156,166,O
108,82,81,92,157,166,O
108,82,80,89,157,165,O
110,83,81,90,156,165,O
108,81,80,88,162,168,O
110,81,78,88,158,166,O
109,80,78,89,158,167,O
110,83,81,90,161,168,O
109,82,81,90,162,168,O
110,83,81,93,162,168,O
109,81,80,89,159,167,O
110,83,80,88,155,165,O
109,82,80,91,152,164,O
108,82,81,93,154,164,O
109,83,81,90,152,164,O
111,82,82,91,156,166,O
111,82,82,92,154,165,O
111,83,81,92,166,171,O
111,83,82,92,166,171,O
111,83,81,91,167,171,O
110,83,81,89,164,169,O
110,82,79,87,164,169,O
164,175,179,177,169,162,P
160,174,180,177,170,158,P
163,175,178,175,171,159,P
158,174,178,177,169,173,P
158,174,179,177,170,176,P
160,172,176,177,167,170,P
157,174,179,174,172,170,P
174,148,176,173,168,141,P
157,171,177,175,161,135,P
162,176,178,175,158,134,P
168,174,179,175,160,129,P
173,166,180,176,157,126,P
179,173,172,176,155,123,P
162,179,178,176,159,133,P
167,3,178,174,160,129,P
155,179,179,176,159,136,P
157,176,179,177,167,160,P
163,176,180,175,165,147,P
154,179,179,175,168,169,P
165,175,179,175,166,141,P
160,175,178,173,166,159,P
164,174,179,176,169,149,P
162,173,178,173,166,151,P
159,175,178,174,166,158,P
161,177,180,176,162,142,P
159,176,178,175,164,143,P
160,173,178,174,165,141,P
160,176,179,174,162,142,P
162,174,179,175,162,142,P
163,174,179,174,164,142,P
164,175,178,174,162,143,P
158,175,177,175,163,158,P
159,175,178,175,163,151,P
162,173,177,177,165,154,P
159,174,178,176,166,161,P
166,171,180,174,161,144,P
46,14,173,175,158,129,P
165,179,162,176,157,132,P
92,14,162,176,153,128,P
162,177,180,177,168,166,P
160,176,179,177,164,164,P
165,173,178,174,165,158,P
160,177,179,175,170,173,P
163,173,177,175,162,145,P
163,174,178,174,164,141,P
161,173,178,175,167,157,P
161,176,176,177,164,156,P
159,170,178,177,170,167,P
161,164,176,175,167,150,P
136,133,177,174,167,133,P
162,180,179,174,168,148,P
163,166,176,174,164,136,P
163,165,176,174,163,135,P
166,171,176,173,163,135,P
163,170,176,173,164,138,P
160,172,177,174,170,156,P
158,176,178,174,169,170,P
164,171,177,173,167,144,P
163,176,178,173,162,138,P
165,170,176,173,158,128,P
164,173,177,174,157,129,P
166,173,176,172,161,134,P
162,173,178,171,164,134,P
165,170,177,174,162,132,P
164,172,177,174,162,130,P
165,175,178,172,162,133,P
168,173,178,173,160,130,P
161,176,177,173,165,137,P
161,172,176,173,164,136,P
161,175,176,173,160,133,P
162,171,175,172,162,133,P
172,51,175,172,162,132,P
162,168,180,174,160,133,P
158,175,177,174,169,144,P
161,171,175,173,166,150,P
164,167,175,173,163,139,P
159,174,177,172,162,145,P
161,178,178,173,160,136,P
160,176,177,173,159,136,P
159,172,178,174,161,139,P
162,174,178,174,162,134,P
37,26,176,172,159,123,P
159,54,180,172,158,129,P
162,176,179,174,160,135,P
162,175,178,173,162,136,P
180,33,179,171,166,133,P
168,170,178,173,160,131,P
31,20,174,173,162,128,P
47,12,169,174,158,126,P
163,153,180,171,161,140,P
161,38,175,171,163,139,P
163,169,176,173,170,150,P
158,172,175,172,172,152,P
158,167,175,174,164,142,P
160,173,176,174,162,134,P
158,175,178,174,167,149,P
160,168,176,174,166,142,P
164,171,176,173,164,137,P
161,172,177,173,165,152,P
159,175,177,174,167,164,P
17,12,179,173,153,103,U
14,12,180,171,155,106,U
15,12,179,170,154,105,U
15,13,179,171,157,103,U
16,15,179,172,159,102,U
16,14,179,172,150,102,U
16,14,179,172,152,102,U
16,14,178,171,158,102,U
15,14,179,173,157,103,U
15,14,179,173,160,102,U
16,13,179,173,158,102,U
14,13,179,172,151,106,U
19,13,178,173,155,104,U
14,11,180,173,156,106,U
15,12,180,171,154,105,U
15,11,180,173,153,102,U
15,10,179,174,151,102,U
15,13,179,172,156,104,U
13,12,179,173,153,101,U
13,13,179,173,156,109,U
15,12,178,174,158,106,U
12,13,179,173,158,105,U
11,10,180,173,163,106,U
17,17,180,172,161,106,U
15,14,178,172,157,107,U
16,16,179,172,157,109,U
15,16,180,172,155,108,U
18,16,180,171,158,110,U
15,15,180,173,163,110,U
18,17,178,171,157,110,U
16,17,179,171,158,110,U
15,16,179,171,158,107,U
14,15,179,172,156,106,U
15,16,180,173,167,106,U
14,13,180,174,162,105,U
18,18,179,172,159,107,U
15,15,179,174,160,101,U
15,15,179,173,161,105,U
13,14,178,174,161,104,U
17,14,180,173,156,102,U
12,11,180,175,158,102,U
13,11,179,173,158,105,U
14,11,179,173,159,106,U
14,11,178,173,159,108,U
15,13,179,174,157,106,U
15,13,179,173,160,104,U
16,14,180,173,162,105,U
16,13,179,174,160,107,U
17,14,179,173,158,107,U
13,12,180,172,160,104,U
16,13,180,172,159,106,U
15,12,180,172,158,99,U
15,11,179,172,157,101,U
14,8,179,173,154,99,U
14,10,180,173,154,100,U
14,11,179,174,159,102,U
17,11,180,172,157,100,U
14,12,179,171,160,101,U
16,12,180,172,160,104,U
15,11,180,172,162,109,U
16,12,179,172,162,107,U
19,16,179,172,161,108,U
17,16,179,173,163,108,U
13,14,179,173,158,107,U
14,13,179,172,158,106,U
12,15,179,172,161,105,U
14,15,179,173,160,105,U
16,13,178,173,160,106,U
15,12,179,173,163,105,U
15,11,178,173,166,105,U
15,11,179,174,165,106,U
17,11,179,172,162,105,U
14,11,179,173,166,108,U
13,10,178,174,163,101,U
17,12,180,172,158,104,U
13,9,179,174,164,106,U
18,13,176,172,153,105,U
17,12,178,174,158,107,U
16,13,179,173,156,108,U
16,13,180,173,153,105,U
18,13,178,173,158,111,U
14,12,177,173,159,108,U
15,13,176,174,160,106,U
18,13,178,173,159,104,U
18,12,178,172,160,105,U
18,13,179,174,157,104,U
17,12,178,174,157,103,U
18,14,176,175,155,103,U
16,14,178,175,157,105,U
16,14,176,173,163,105,U
18,14,177,173,161,106,U
17,14,178,173,164,104,U
18,14,177,174,163,105,U
15,14,176,173,162,105,U
16,12,176,175,162,104,U
15,13,176,173,156,106,U
17,14,176,172,157,104,U
16,12,177,174,159,105,U
15,12,176,174,163,105,U
16,14,180,172,162,108,U
30,17,179,176,131,85,V
33,18,178,176,131,84,V
32,18,178,176,129,84,V
30,18,180,176,129,84,V
32,17,178,176,126,84,V
26,18,179,177,130,82,V
34,19,176,177,128,82,V
28,17,176,178,130,82,V
31,15,173,178,131,82,V
29,17,172,178,133,81,V
33,18,173,178,133,80,V
33,19,172,178,135,81,V
35,16,172,178,138,80,V
33,18,172,180,135,78,V
31,16,172,178,136,79,V
33,21,175,179,132,80,V
34,23,174,179,132,80,V
33,24,177,179,130,78,V
43,27,173,178,129,80,V
34,20,177,179,129,78,V
28,20,177,178,127,78,V
29,18,179,178,131,82,V
33,21,176,178,129,85,V
29,15,178,179,131,82,V
29,18,180,178,132,84,V
33,18,176,176,134,86,V
33,20,178,177,134,85,V
29,17,178,179,133,86,V
31,17,179,177,133,85,V
36,20,178,178,130,85,V
35,20,177,177,130,82,V
34,19,178,178,132,85,V
38,23,178,178,126,83,V
36,25,178,178,134,84,V
39,24,178,178,133,83,V
31,20,179,177,132,83,V
33,19,177,178,131,81,V
39,23,180,178,135,81,V
32,20,180,178,136,81,V
36,22,178,178,132,84,V
33,20,178,177,133,83,V
31,20,179,178,131,82,V
30,19,178,179,135,82,V
34,18,179,177,134,84,V
29,15,180,178,136,83,V
29,17,179,177,131,83,V
28,17,179,177,133,83,V
28,15,178,178,131,82,V
30,16,178,177,132,82,V
27,15,177,178,132,81,V
31,14,173,177,131,81,V
28,16,179,180,129,81,V
28,14,173,180,136,82,V
29,20,174,178,133,79,V
25,14,174,179,134,79,V
31,19,171,178,135,79,V
31,19,173,179,132,78,V
23,13,171,179,134,77,V
20,12,172,179,136,76,V
33,18,172,178,137,79,V
31,14,172,179,137,78,V
32,18,172,179,137,81,V
28,12,173,180,136,80,V
32,17,172,180,141,83,V
34,21,172,180,141,82,V
37,20,173,178,138,81,V
36,21,171,180,136,80,V
31,17,172,179,136,80,V
30,16,171,179,137,81,V
31,15,171,178,136,82,V
35,18,171,179,138,83,V
37,20,172,180,134,82,V
35,20,173,179,134,81,V
32,18,173,179,135,80,V
34,19,172,179,135,81,V
36,22,172,179,135,82,V
32,19,172,179,135,82,V
37,22,174,180,131,80,V
33,19,173,179,133,79,V
33,15,172,179,132,82,V
33,18,173,178,130,82,V
32,18,172,179,135,82,V
29,16,172,180,134,82,V
33,18,171,178,136,83,V
29,12,171,178,137,84,V
31,13,171,178,135,83,V
31,13,171,178,134,83,V
32,15,171,178,135,83,V
32,13,172,179,136,83,V
30,17,171,179,136,83,V
30,14,172,179,137,83,V
35,16,172,178,137,81,V
34,17,172,178,136,81,V
33,16,172,178,136,80,V
34,13,169,177,136,81,V
32,14,170,178,135,82,V
32,14,171,179,136,81,V
33,13,171,179,133,80,V
32,13,171,178,135,81,V
31,15,172,179,137,81,V
43,169,177,178,149,82,W
42,169,177,178,148,82,W
40,167,179,179,148,81,W
41,168,177,179,147,82,W
42,169,177,179,149,83,W
42,167,178,179,149,83,W
40,166,179,179,150,82,W
44,168,178,179,150,83,W
42,168,178,179,150,82,W
44,168,178,179,151,83,W
53,166,178,179,151,82,W
47,168,178,179,151,82,W
46,167,179,178,152,82,W
48,167,177,178,152,82,W
60,167,177,178,152,84,W
46,169,178,179,150,82,W
37,169,177,178,150,81,W
64,168,177,177,154,83,W
54,169,177,177,151,83,W
37,169,178,178,147,83,W
40,169,177,178,150,83,W
44,168,177,178,149,83,W
44,170,177,178,150,83,W
37,170,177,178,147,82,W
28,170,178,179,147,81,W
34,171,176,179,148,83,W
33,169,177,178,147,82,W
37,170,177,179,148,83,W
38,171,177,178,150,83,W
35,172,177,179,149,82,W
38,172,177,178,149,83,W
20,172,177,178,149,82,W
30,173,177,178,148,82,W
23,173,177,178,149,82,W
37,174,178,179,145,84,W
26,177,178,180,145,82,W
9,176,179,179,147,80,W
12,174,178,178,146,81,W
21,172,178,178,149,83,W
20,172,178,178,149,83,W
22,171,179,179,148,82,W
21,172,178,179,148,82,W
17,172,178,178,148,83,W
30,171,179,179,149,84,W
19,172,179,179,148,82,W
22,171,178,179,148,82,W
25,172,178,179,148,84,W
17,172,179,179,147,81,W
22,171,177,180,150,82,W
21,172,178,179,149,83,W
17,173,178,179,150,81,W
17,172,178,180,150,81,W
19,171,177,180,150,82,W
24,172,178,178,151,83,W
24,174,176,178,150,83,W
26,173,177,178,150,83,W
21,174,177,177,149,82,W
21,173,179,178,151,81,W
26,171,179,178,148,82,W
28,171,179,178,153,82,W
23,172,0,179,147,81,W
23,172,178,178,146,80,W
9,173,179,179,148,79,W
15,173,178,179,147,80,W
14,173,179,179,148,81,W
11,173,179,180,152,80,W
7,175,179,179,151,80,W
12,172,179,178,151,79,W
11,172,179,179,149,79,W
15,171,179,179,149,78,W
21,170,179,178,149,80,W
19,172,178,178,149,80,W
17,172,178,179,149,80,W
14,171,178,179,150,80,W
18,172,178,179,148,79,W
18,170,180,179,151,81,W
23,171,178,179,149,81,W
25,170,180,180,151,80,W
27,170,180,178,149,81,W
29,172,180,178,152,81,W
40,169,177,178,151,82,W
32,171,177,179,151,82,W
40,168,177,178,150,82,W
15,172,177,179,150,81,W
40,165,178,177,149,83,W
41,169,177,177,151,82,W
51,168,178,179,149,83,W
28,172,179,179,148,82,W
39,169,178,177,149,82,W
39,168,179,179,152,81,W
34,168,178,180,148,82,W
38,166,178,177,150,81,W
35,169,178,178,150,80,W
31,169,177,178,151,81,W
29,170,177,177,151,81,W
28,170,178,178,149,81,W
30,170,178,179,150,80,W
32,168,178,180,149,82,W
37,169,177,180,151,81,W
36,168,178,180,150,82,W
180,50,55,31,151,180,Y
180,48,54,31,153,180,Y
180,49,55,32,149,180,Y
180,47,50,26,152,180,Y
180,47,51,27,153,180,Y
178,45,47,27,152,179,Y
178,44,50,28,152,180,Y
179,44,50,29,151,180,Y
179,45,50,29,151,179,Y
179,46,49,28,151,180,Y
180,46,50,27,152,179,Y
180,45,49,27,151,179,Y
178,46,49,28,151,180,Y
180,45,52,32,150,180,Y
179,41,50,28,150,180,Y
179,46,55,34,149,180,Y
179,42,51,32,150,179,Y
178,41,50,30,150,179,Y
178,40,48,28,151,178,Y
180,44,52,31,151,180,Y
179,44,51,30,152,179,Y
178,47,54,30,152,180,Y
180,48,50,29,152,178,Y
179,50,51,29,151,179,Y
178,49,53,30,150,179,Y
178,47,51,28,151,178,Y
178,45,50,29,152,179,Y
179,48,52,31,150,177,Y
178,47,53,30,151,178,Y
178,42,45,27,152,177,Y
178,44,48,28,148,177,Y
179,44,52,36,146,178,Y
179,45,54,35,147,178,Y
180,45,52,35,146,178,Y
179,45,51,29,142,174,Y
177,40,49,25,146,168,Y
178,43,51,28,146,166,Y
179,45,51,27,149,167,Y
178,48,52,27,147,165,Y
178,42,46,24,155,166,Y
178,45,50,26,152,167,Y
178,45,48,26,152,167,Y
179,44,47,22,152,164,Y
177,42,51,26,151,165,Y
180,42,46,22,150,162,Y
179,44,51,25,152,162,Y
179,39,42,20,147,166,Y
178,38,42,21,148,168,Y
178,37,41,19,151,165,Y
177,40,45,23,148,169,Y
178,41,43,20,148,166,Y
177,41,46,24,145,169,Y
179,43,45,22,145,166,Y
178,37,40,18,146,168,Y
180,40,43,20,147,168,Y
178,43,52,27,144,167,Y
179,44,48,23,146,166,Y
177,41,47,23,148,165,Y
0,46,53,28,145,171,Y
179,46,51,28,147,167,Y
179,45,47,24,147,167,Y
178,41,45,22,146,169,Y
178,41,48,26,146,170,Y
177,38,43,21,147,168,Y
177,42,45,21,147,169,Y
177,39,47,23,147,170,Y
178,43,48,23,149,169,Y
178,41,46,22,149,167,Y
178,46,51,25,150,166,Y
177,41,49,26,151,166,Y
179,45,46,22,148,170,Y
177,41,45,23,156,168,Y
177,40,43,22,155,168,Y
177,40,45,21,157,167,Y
177,38,43,20,156,167,Y
179,40,41,20,155,166,Y
178,35,40,19,157,167,Y
179,38,42,23,153,168,Y
179,38,40,20,153,168,Y
177,38,39,18,155,168,Y
179,41,43,23,152,168,Y
179,40,42,20,152,166,Y
179,43,47,25,150,171,Y
179,42,41,20,156,164,Y
179,43,45,23,152,166,Y
180,41,43,22,152,166,Y
177,39,43,22,153,166,Y
179,37,38,16,154,164,Y
179,40,41,19,155,166,Y
179,39,40,18,156,165,Y
178,45,47,21,159,165,Y
178,43,46,20,156,164,Y
179,44,48,20,156,160,Y
177,44,49,19,153,162,Y
180,42,46,19,155,162,Y
0,42,43,20,152,164,Y
179,41,42,18,152,165,Y
179,43,43,18,156,162,Y
178,43,45,20,157,161,Y
179,39,43,20,153,167,Y
